Datetime,url of tweet,lenguaje,re-twittes,Tweet Id,Text,Username
2021-09-10 23:51:11+00:00,https://twitter.com/etl_p0/status/1436477385323450375,ar,0,1436477385323450375,Ø§Ø¨ÙŠ Ø§Ù…Øµ ÙˆÙ†Ø²ØºØ¨ ÙˆÙ„Ù‡ ÙƒØ§Ø´ 1000 #Ù…ÙˆØ¬Ø¨_Ø¨Ø±ÙŠØ¯Ø© #Ù…ÙˆØ¬Ø¨_Ø§Ù„Ù‚ØµÙŠÙ… #Ø³Ø§Ù„Ø¨_Ø§Ù„Ø±Ø³ #Ù…ÙˆØ¬Ø¨_Ø§Ù„Ø±Ø³ #Ù…ÙˆØ¬Ø¨_Ø¹Ù†ÙŠØ²Ø© #Ø³Ø§Ù„Ø¨_Ø¹Ù†ÙŠØ²Ø© ..,etl_p0
2021-09-10 23:51:03+00:00,https://twitter.com/etl_p0/status/1436477350653440001,ar,0,1436477350653440001,Ø§Ø¨ÙŠ Ø§Ù…Øµ ÙˆÙ†Ø²ØºØ¨ ÙˆÙ„Ù‡ ÙƒØ§Ø´ 1000 #Ù…ÙˆØ¬Ø¨_Ø¨Ø±ÙŠØ¯Ø© #Ù…ÙˆØ¬Ø¨_Ø§Ù„Ù‚ØµÙŠÙ… #Ø³Ø§Ù„Ø¨_Ø§Ù„Ø±Ø³ #Ù…ÙˆØ¬Ø¨_Ø§Ù„Ø±Ø³ #Ù…ÙˆØ¬Ø¨_Ø¹Ù†ÙŠØ²Ø© #Ø³Ø§Ù„Ø¨_Ø¹Ù†ÙŠØ²Ø© .,etl_p0
2021-09-10 23:50:51+00:00,https://twitter.com/etl_p0/status/1436477301802377217,ar,0,1436477301802377217,Ø§Ø¨ÙŠ Ø§Ù…Øµ ÙˆÙ†Ø²ØºØ¨ ÙˆÙ„Ù‡ ÙƒØ§Ø´ 1000 #Ù…ÙˆØ¬Ø¨_Ø¨Ø±ÙŠØ¯Ø© #Ù…ÙˆØ¬Ø¨_Ø§Ù„Ù‚ØµÙŠÙ… #Ø³Ø§Ù„Ø¨_Ø§Ù„Ø±Ø³ #Ù…ÙˆØ¬Ø¨_Ø§Ù„Ø±Ø³ #Ù…ÙˆØ¬Ø¨_Ø¹Ù†ÙŠØ²Ø© #Ø³Ø§Ù„Ø¨_Ø¹Ù†ÙŠØ²Ø© #Ø³Ø§Ù„Ø¨_Ø§Ù„Ù‚ØµÙŠÙ…,etl_p0
2021-09-10 23:50:10+00:00,https://twitter.com/etl_p0/status/1436477128443375620,ar,0,1436477128443375620,Ø§Ø¨ÙŠ Ø§Ù…Øµ ÙˆÙ†Ø²ØºØ¨ ÙˆÙ„Ù‡ ÙƒØ§Ø´ 1000 #Ù…ÙˆØ¬Ø¨_Ø¨Ø±ÙŠØ¯Ø© #Ù…ÙˆØ¬Ø¨_Ø§Ù„Ù‚ØµÙŠÙ… #Ø³Ø§Ù„Ø¨_Ø§Ù„Ø±Ø³ #Ù…ÙˆØ¬Ø¨_Ø§Ù„Ø±Ø³ #Ù…ÙˆØ¬Ø¨_Ø¹Ù†ÙŠØ²Ø© #Ø³Ø§Ù„Ø¨_Ø¹Ù†ÙŠØ²Ø©,etl_p0
2021-09-10 23:50:05+00:00,https://twitter.com/clintsharp/status/1436477106888658944,en,0,1436477106888658944,We went from failing ETL jobs trying to understand orders to real time dashboards that could tell us whether any business transaction was failing in real time. It changed how we saw managing an application from trying to monitor speeds and feeds to monitoring business impact.,clintsharp
2021-09-10 23:48:51+00:00,https://twitter.com/artofcrumbs/status/1436476796380139524,en,0,1436476796380139524,@dindjaddy Of course!!! The OG ETL even tho it ended up sads ğŸ¥² https://t.co/tY8ErGcNM5,artofcrumbs
2021-09-10 23:41:29+00:00,https://twitter.com/etl_p0/status/1436474943588478976,ar,0,1436474943588478976,@oll79057696 Ø®Ø§Øµ,etl_p0
2021-09-10 23:40:22+00:00,https://twitter.com/etl_p0/status/1436474663224369152,ar,0,1436474663224369152,@fq_gay Ø®Ø§Øµ,etl_p0
2021-09-10 23:38:42+00:00,https://twitter.com/etl_p0/status/1436474243689193477,ar,0,1436474243689193477,@n5fkWtzsKVLBkIh ØªØ§Ø¨Ø¹Ù† ÙˆØªØ¹Ø§Ù„ Ø®Ø§Øµ,etl_p0
2021-09-10 23:37:14+00:00,https://twitter.com/etl_p0/status/1436473872354795522,ar,0,1436473872354795522,@fq_gay Ø®Ø§Øµ ÙˆÙ„Ùƒ ÙƒØ§Ø´,etl_p0
2021-09-10 23:36:46+00:00,https://twitter.com/etl_p0/status/1436473757439254537,ar,0,1436473757439254537,@fq_gay ØªØ¹Ø§Ù„ ÙˆÙ„Ùƒ ÙƒØ§Ø´ Ù¡Ù Ù Ù ,etl_p0
2021-09-10 23:35:34+00:00,https://twitter.com/etl_p0/status/1436473456044949507,ar,0,1436473456044949507,@n5fkWtzsKVLBkIh Ø§ÙˆØµØ§ÙÙƒ,etl_p0
2021-09-10 23:34:53+00:00,https://twitter.com/etl_p0/status/1436473280756690946,ar,0,1436473280756690946,@4iigz Ø®Ø§Øµ ÙˆÙ„Ùƒ ÙƒØ§Ø´,etl_p0
2021-09-10 23:33:46+00:00,https://twitter.com/etl_p0/status/1436473002812747778,ar,0,1436473002812747778,@ix65b Ø®Ø§Øµ,etl_p0
2021-09-10 23:28:15+00:00,https://twitter.com/antares21scorpi/status/1436471614087045123,en,0,1436471614087045123,"COINMARKETCAP: 1 ETL #EtherLite = $0.0213 USD - Hey #Ethereum Supporters! Collect your #ETL #Airdrop Now, #ETH Holding X 12 https://t.co/AXUfoEHKaa",antares21scorpi
2021-09-10 23:16:21+00:00,https://twitter.com/ELS01ANA/status/1436468616212488216,tr,0,1436468616212488216,o etl,ELS01ANA
2021-09-10 23:13:46+00:00,https://twitter.com/Yuriy_P/status/1436467968209297410,en,0,1436467968209297410,iPaaS Or Not? Options For Moving Your ETL To Cloud | Meetup https://t.co/fG5BnonT2e,Yuriy_P
2021-09-10 23:13:34+00:00,https://twitter.com/daaaarklina/status/1436467917760208918,en,0,1436467917760208918,"@darklyinlove Ew , this is really not about the ship anymore they were blantly homophobic . It just shows it's all excuses",daaaarklina
2021-09-10 23:07:05+00:00,https://twitter.com/etl_p0/status/1436466286532468737,ar,0,1436466286532468737,#Ø³Ø§Ù„Ø¨_Ø§Ù„Ø¨ÙƒÙŠØ±ÙŠÙ‡  #Ø³Ø§Ù„Ø¨_Ø§Ù„Ù‚ØµÙŠÙ… Ù…Ù† ÙŠÙ‚Ø§Ø¨Ù„ ÙˆÙ„Ù‡ ÙƒØ§Ø´ Ù¡Ù Ù Ù ,etl_p0
2021-09-10 23:00:03+00:00,https://twitter.com/xenonpartners/status/1436464517014331399,en,0,1436464517014331399,"Xplenty blog: The Importance of CDC for ETL
https://t.co/PMN8hWTIWr
#Xplenty https://t.co/PyEWNJ1JZ6",xenonpartners
2021-09-10 22:55:10+00:00,https://twitter.com/daaaarklina/status/1436463288536141824,en,0,1436463288536141824,@MYTHChildMusic @greyjedireylo This cup looks so beautiful ğŸ˜­ Any idea where I can find it ?,daaaarklina
2021-09-10 22:53:31+00:00,https://twitter.com/opsmatters_uk/status/1436462872608059392,en,2,1436462872608059392,"The latest update for #Xplenty includes ""The Pros and Cons of Application Software #Integration"" and ""What Scenario Should You Use CDC for?"".
 
#ETL #BigData #DataAnalytics #DataPipelines https://t.co/81szCu9S0c",opsmatters_uk
2021-09-10 22:52:44+00:00,https://twitter.com/ETL_kay/status/1436462674221703193,eu,0,1436462674221703193,@JollofGuy Ego beğŸ˜…ğŸ˜…,ETL_kay
2021-09-10 22:51:37+00:00,https://twitter.com/angyportugues/status/1436462394188967936,es,0,1436462394188967936,Buscamos Desarrollador ETL SSR o SR para procesos - BA Empleo -  https://t.co/fbumiE1k9g,angyportugues
2021-09-10 22:47:33+00:00,https://twitter.com/lETL5yjogOOtsyi/status/1436461371646898179,ja,0,1436461371646898179,"3.èª•ç”Ÿæ—¥
â†’9/30",lETL5yjogOOtsyi
2021-09-10 22:47:00+00:00,https://twitter.com/lETL5yjogOOtsyi/status/1436461231427112962,ja,0,1436461231427112962,"2.æ€§åˆ¥
â†’å¥³ã®å­",lETL5yjogOOtsyi
2021-09-10 22:46:52+00:00,https://twitter.com/RemoteTechJobs0/status/1436461199655276548,en,0,1436461199655276548,"https://t.co/WWsMsWs1gk is hiring: ETL Data Quality Analyst

NCSolutions is hiring a ETL Data Quality Analyst to play a key role in their sales efforts with Advertisers and Agencies across the U.S.! SUMMARY: NCSolutions (NCS)...

https://t.co/AO1TUoDKAw
#Remote #sql #Jobs",RemoteTechJobs0
2021-09-10 22:46:04+00:00,https://twitter.com/lETL5yjogOOtsyi/status/1436460995233267712,ja,0,1436460995233267712,"1.å¹´é½¢
â†’å¯ºç”°å¿ƒãã‚“ã¨èŠ¦ç”°æ„›èœã¡ã‚ƒã‚“ã®é–“",lETL5yjogOOtsyi
2021-09-10 22:46:01+00:00,https://twitter.com/thefoxauctions/status/1436460984802189335,en,0,1436460984802189335,ETL August: Dr. Kim Bercovitz of Byte-Size Wellness Shows How to Keep Attendees Energized https://t.co/af4hb1FUTb,thefoxauctions
2021-09-10 22:45:54+00:00,https://twitter.com/RetroDman1996/status/1436460956998148114,en,0,1436460956998148114,"#Conman167 community are you ready for a good time tonight, I just have this feeling that tonight will be a very good night indeed.  #ETL #Conman @conman167ğŸ¤ªğŸ¤” ğŸ¤£",RetroDman1996
2021-09-10 22:45:48+00:00,https://twitter.com/daaaarklina/status/1436460931819741221,en,0,1436460931819741221,@strkovsalina You're really pretty â¤ï¸,daaaarklina
2021-09-10 22:43:18+00:00,https://twitter.com/daaaarklina/status/1436460302032310273,en,0,1436460302032310273,@starlessmilaya Honestly I'm disgusted but also kinda sorry ? It's pretty depressing never having any possitive friendship with the same sex ğŸ˜­ ( although I have to say most of the girls who say that shit are also the ones starting the drama so I can't say I 100% pity her ),daaaarklina
2021-09-10 22:42:17+00:00,https://twitter.com/BFaahion/status/1436460042866380802,en,0,1436460042866380802,USB Wall Charger Surge Protector 5 Outlet Extender with 4 USB Charging Ports ( 1 USB C Outlet) 3 Sided 1800J Power Strip Multi Plug Outlets Wall Adapter Spaced for Home Travel Office ETL Listed https://t.co/zXqJ7RlQxB,BFaahion
2021-09-10 22:38:44+00:00,https://twitter.com/etlSd8VkNSMYaTL/status/1436459152994230274,ja,0,1436459152994230274,"@moritakayu_ki ã‚¹ãƒ”ãƒ¼ãƒ‰ã€ã‚¹ã‚¿ãƒŸãƒŠMAXã§é‡‘ã‚¹ã‚­ãƒ«å››ã¤ã€
ã—ã‚…ã”ã—ã‚…ãã‚‹â€¦",etlSd8VkNSMYaTL
2021-09-10 22:31:04+00:00,https://twitter.com/tmj_phx_itdb/status/1436457222125412356,en,0,1436457222125412356,"We're hiring in #Phoenix, AZ! Click the link in our bio to apply to this job and more: ETL/Datawarehouse Consultant at Deloitte #Database",tmj_phx_itdb
2021-09-10 22:21:11+00:00,https://twitter.com/daaaarklina/status/1436454735402475550,en,0,1436454735402475550,@bsolofucker Omg you're so gorgeous ğŸ˜­ğŸ˜­ğŸ˜­,daaaarklina
2021-09-10 22:17:31+00:00,https://twitter.com/daaaarklina/status/1436453812932419591,en,0,1436453812932419591,"@gffanonsense I think part of it is because people STILL don't consider reylo cannon dispite literally be cannon ğŸ˜¬ And of course some good old mysogyny ( Stephanie Meyer and 50 shades are women ,reylo shippers are mostly either women or queer people , meanwhile and both Rian and J.J are men )",daaaarklina
2021-09-10 22:17:04+00:00,https://twitter.com/P2000EttenLeur/status/1436453698675294208,nl,0,1436453698675294208,directe inzet: a1 4872la : hap etl bredaseweg hap etl etten-leur 91344 #ettenleur,P2000EttenLeur
2021-09-10 22:10:35+00:00,https://twitter.com/etlSd8VkNSMYaTL/status/1436452067283910656,ja,0,1436452067283910656,@miyu_misato ãã®æ™‚ã€ãµã¨é–ƒã„ãŸï¼ã“ã®ã‚¢ã‚¤ãƒ‡ã‚£ã‚¢ã¯ã€ã‚µãƒˆãƒãƒ€ã‚¤ãƒ¤ãƒ¢ãƒ³ãƒ‰ã¨ã®ãƒˆãƒ¬ãƒ¼ãƒ‹ãƒ³ã‚°ã«æ´»ã‹ã›ã‚‹ã‹ã‚‚ã—ã‚Œãªã„,etlSd8VkNSMYaTL
2021-09-10 22:09:38+00:00,https://twitter.com/daaaarklina/status/1436451828422647817,en,0,1436451828422647817,@redemptionarcs Why to piss off fans of that said trope ?,daaaarklina
2021-09-10 22:09:13+00:00,https://twitter.com/daaaarklina/status/1436451722294071296,en,0,1436451722294071296,@redemptionarcs Idk why people think flexing their book not having ( insert popular trope ) as if it's somehow an accomplishment ? Like congrats I guess ? I mean obviously someone doesn't have to add thongs they dislike on books ( I have tones of popular tropes I dislike abs wouldn't use ) but,daaaarklina
2021-09-10 22:06:50+00:00,https://twitter.com/mezianeetdaryl/status/1436451121644675099,en,0,1436451121644675099,Therapy ? https://t.co/2sdxPU9Urc,mezianeetdaryl
2021-09-10 22:03:55+00:00,https://twitter.com/etlSd8VkNSMYaTL/status/1436450387683282946,ja,0,1436450387683282946,@Takiki2828 ç¢ºã‹ã«ã€ç¾å®Ÿä¸–ç•Œã§ã®ã€Œè¦ªå­ã€ä¸¼,etlSd8VkNSMYaTL
2021-09-10 22:00:33+00:00,https://twitter.com/daaaarklina/status/1436449541948166145,en,0,1436449541948166145,@shxmandalie Oh no it's only a problem when it comes to ship content . Otherwise you can critically consume media,daaaarklina
2021-09-10 21:58:51+00:00,https://twitter.com/etlSd8VkNSMYaTL/status/1436449113025888256,ja,0,1436449113025888256,@nekogoing å®Ÿè£…ã‚’å¾…ã¡ã¾ã—ã‚‡ã†(ã‚¦ã‚¤ãƒ³ãƒ‡ã‚£ã‚«ãƒ¯ã‚¤ã‚¤),etlSd8VkNSMYaTL
2021-09-10 21:49:43+00:00,https://twitter.com/Kevin45etl/status/1436446815466008578,en,1,1436446815466008578,"@ElectionMapsUK @FindoutnowUK Swing of 4.5% is consistent with YouGov, but there are many more events and developments to come

Not least the end of furlough, impact of the end of Brexit grace periods and zero material change to social care &amp; NHS waiting lists

One questions when Labour announce their vision?",Kevin45etl
2021-09-10 21:44:38+00:00,https://twitter.com/irevieu/status/1436445538732232707,en,0,1436445538732232707,@Thecryptomist Etherium's #etherlite / #ETL,irevieu
2021-09-10 21:40:24+00:00,https://twitter.com/feuer__/status/1436444469818241025,fi,0,1436444469818241025,"@matt_jarvin Voi helvetti malmi mainittu :D

pÃ¤Ã¤sispÃ¤ malmilta pienellÃ¤ sÃ¤hkÃ¶lentokoneella teiskon kentÃ¤lle, josta biodieselkatumaasturilla rantatunnelin ja vaitinaron etl:n kautta lÃ¤nteen nauttimaan siitÃ¤ ettei tarvii optimoida enempÃ¤Ã¤ pÃ¤Ã¤stÃ¶jÃ¤ koska mitÃ¤s vÃ¤liÃ¤ 1/5000000 suomalaisella on",feuer__
2021-09-10 21:39:01+00:00,https://twitter.com/ai_jobsNET/status/1436444123171524613,in,2,1436444123171524613,HIRING: Data Engineer - 5843 / Mumbai - https://t.co/PFuLWvgUaR #AI #MachineLearning #DataJobs #Jobsearch #MLjobs #bigdata #DataScience #AIjobs #techjobs #TechTalent #hiringnow #Engineer #Banking #ETL #Engineering #Python #Research #SQL,ai_jobsNET
2021-09-10 21:28:15+00:00,https://twitter.com/antares21scorpi/status/1436441414024507400,en,0,1436441414024507400,"BREAKING: 1 ETL #EtherLite = $0.0214 USD - Hey #Ethereum Supporters! Collect your #ETL #Airdrop Now, #ETH Holding X 12 https://t.co/AlLTvmVeog",antares21scorpi
2021-09-10 21:24:00+00:00,https://twitter.com/etlSd8VkNSMYaTL/status/1436440344992776193,ja,0,1436440344992776193,@AyaseMio ã©ã†è€ƒãˆã¦ã‚‚ã€ï¼“â—‹(ï¾‹ï¾Ÿï½°)ã«ãªã‚Šã¾ã™ã‹ã‚‰ã­,etlSd8VkNSMYaTL
2021-09-10 21:16:29+00:00,https://twitter.com/Kevin45etl/status/1436438452954963972,en,0,1436438452954963972,"@reece_dinsdale Pleased for you, really am

Lockdown and the last year have been very good to me in this respect as certain people entered my life while spending less time with others 

Then finding perspective to deal with real challenges

One day about six months back something clicked https://t.co/zMNLXJ53YW",Kevin45etl
2021-09-10 21:03:52+00:00,https://twitter.com/Kevin45etl/status/1436435278177181749,en,0,1436435278177181749,"@TwoLegsBad2 Fantastic idea!

50,000 randomly selected people receive HGV license 

Hauliers labour market supply solved https://t.co/Yjb87TDR1Z",Kevin45etl
2021-09-10 20:59:55+00:00,https://twitter.com/etl_0/status/1436434281593774135,und,0,1436434281593774135,â¤ï¸â¤ï¸ https://t.co/gUZD8jXM9X,etl_0
2021-09-10 20:51:48+00:00,https://twitter.com/donatsafe/status/1436432241970671621,en,0,1436432241970671621,Kudos to our marketing team at Safe that found this article earlier in the week using #meltwater and reached out to the author about how FME is a powerful #ETL tool and how it belonged on the graph. https://t.co/JhjRzpl82h,donatsafe
2021-09-10 20:47:29+00:00,https://twitter.com/Kevin45etl/status/1436431153154740226,en,0,1436431153154740226,"@WasOnceLoved @Josephodriscoll Not only cheap houses in the 80s &amp; 90s

Free higher education
Lower waiting lists
Defined benefit pensions
Access to cheap as prices were rising

Result: they now vote Tory to preserve status quo believing they worked hard as opposed to fortunate - they believe the Tory myths",Kevin45etl
2021-09-10 20:42:48+00:00,https://twitter.com/BFaahion/status/1436429974840483928,en,0,1436429974840483928,USB Wall Charger Surge Protector 5 Outlet Extender with 4 USB Charging Ports ( 1 USB C Outlet) 3 Sided 1800J Power Strip Multi Plug Outlets Wall Adapter Spaced for Home Travel Office ETL Listed https://t.co/a3azydySl7,BFaahion
2021-09-10 20:37:09+00:00,https://twitter.com/Kevin45etl/status/1436428552107397120,en,0,1436428552107397120,"@reece_dinsdale Was talking to somebody recently...

The web and social media can be used to conflate, lie, spin and deflect as well as promote fake news

At the same time it can democratised knowledge and enable complete strangers from all walks to engage

Every day we can choose the latter https://t.co/7aEMHKVKpR",Kevin45etl
2021-09-10 20:33:41+00:00,https://twitter.com/Kevin45etl/status/1436427679755083816,en,0,1436427679755083816,"@Josephodriscoll @WasOnceLoved That's only part of the issue

If millions of new housing units are built for social housing and or starter homes with proper insulation and 5G then demand met and prices tumble

Millions of home owners equity wiped out &amp; banks plunge into B/S crisis

Thus oldies vote Tory",Kevin45etl
2021-09-10 20:28:14+00:00,https://twitter.com/qwLEtlJy3xFyTJT/status/1436426310910418956,ar,0,1436426310910418956,"@aplllq Ù…Ù† Ø¹Ø¸Ù…Ø§Ø¡ Ø§Ù„Ø¹Ø§Ù„Ù…  Ø±Ø­Ù…Ù‡ Ø§Ù„Ù„Ù‡ Ø±Ø­Ù…Ø© ÙˆØ§Ø³Ø¹Ø© ÙˆØ£Ø³ÙƒÙ†Ù‡ Ø§Ù„ÙØ±Ø¯ÙˆØ³ Ø§Ù„Ø£Ø¹Ù„Ù‰. 
Ù†Ø­Ù† ÙÙŠ Ø§Ù„Ø³Ø¹ÙˆØ¯ÙŠØ©  Ù†Ø¯ÙŠÙ† Ø¨Ø§Ù„Ù…Ø¹Ø±ÙˆÙ Ù„Ù‡Ø°Ø§ Ø§Ù„Ø±Ø¬Ù„  Ø§Ù„Ø°ÙŠ  Ø­ÙƒÙ…  Ø§Ù„Ù…Ù‚Ø¯Ø³Ø§Øª  ÙˆØ§Ù„Ø¨ØªØ±ÙˆÙ„  ÙˆÙ‡ÙŠ  ÙØ®Ø±Ù†Ø§  Ø¨ÙØ¶Ù„ Ø§Ù„Ù„Ù‡ Ø«Ù…  Ø§Ù„Ù…Ù„Ùƒ Ø¹Ø¨Ø¯Ø§Ù„Ø¹Ø²ÙŠØ²  ØºÙØ± Ø§Ù„Ù„Ù‡ Ù„Ù‡.",qwLEtlJy3xFyTJT
2021-09-10 20:24:16+00:00,https://twitter.com/Kevin45etl/status/1436425311856566299,en,1,1436425311856566299,"@LabourList @charliemansell Smacks of political interference in the original complaint - shd obviously have been binned without the need 4 notice of investigation

Followed by NEC involvement and further political involvement contra to ECHR and NEC action plan response

12 mths of this - still 35% in polls",Kevin45etl
2021-09-10 20:12:57+00:00,https://twitter.com/Kevin45etl/status/1436422464565878785,en,0,1436422464565878785,"You and your Govt chose a particular type of Brexit that would inevitably smash up supply chains

You then double down by going through the transition year without any preparation

Then blame Covid-19 or EU for your ineptitude

Truth is you couldn't plan as that reveals issues https://t.co/7bGsEEsWyZ https://t.co/3iiV8GABgv",Kevin45etl
2021-09-10 20:11:17+00:00,https://twitter.com/yy868HEtlOJpUtg/status/1436422043554226193,und,0,1436422043554226193,ğŸ‡¦ğŸ‡¹ğŸ¹ğŸ¹ğŸ¹,yy868HEtlOJpUtg
2021-09-10 20:10:57+00:00,https://twitter.com/yy868HEtlOJpUtg/status/1436421962176376850,und,1,1436421962176376850,ğŸ‡¦ğŸ‡¹ğŸ‡¦ğŸ‡¹ğŸ¹ğŸ¹ğŸ¹ #Ø§Ù„Ø¯Ø±Ø¹_Ø§Ù„Ù‚Ø§Ø¶ÙŠÙ‡_Ù…Ù…ÙƒÙ†,yy868HEtlOJpUtg
2021-09-10 20:04:14+00:00,https://twitter.com/Kevin45etl/status/1436420269158060034,en,0,1436420269158060034,"@WasOnceLoved @Josephodriscoll Perhaps we might find common ground?

For if we can't then what hope collaboration and progressive coalition for GE2024?",Kevin45etl
2021-09-10 20:01:49+00:00,https://twitter.com/Kevin45etl/status/1436419660770123818,en,0,1436419660770123818,"@Josephodriscoll @WasOnceLoved And local authorities blocked from building enough social housing meaning that housing benefit bill for the nation goes through the roof subsidising landlords

If only there was a manifesto addressing all this

Oh...

You mean there was and that party was systematically attacked https://t.co/3FQQkbn44A",Kevin45etl
2021-09-10 20:00:08+00:00,https://twitter.com/etl_and/status/1436419239330652167,und,0,1436419239330652167,https://t.co/ZODKQs7Efb,etl_and
2021-09-10 19:58:14+00:00,https://twitter.com/afiregender/status/1436418761226080258,en,0,1436418761226080258,"But like seriously, imagine being so mad about a big ETL ship that you try to promote your book by saying itâ€™s nothing like that ship. Congrats, I also do not like that ship but I sure as hell am going to be avoiding your book because youâ€™re mad about perfectly normal preferences",afiregender
2021-09-10 19:58:06+00:00,https://twitter.com/jasnonaz/status/1436418725427748906,en,0,1436418725427748906,"End your week on a high note with one of the best pieces of data team storytelling Ive ever read. If you've heard about ELT vs. ETL but naturally wonder what the big deal is with changing two letters around, read how it changed the way one data team worked
https://t.co/TIx1xwj7MU",jasnonaz
2021-09-10 19:57:57+00:00,https://twitter.com/yy868HEtlOJpUtg/status/1436418690682171396,und,0,1436418690682171396,#Ø§Ù„Ù‚Ø§Ø¶ÙŠÙ‡_Ù…Ù…ÙƒÙ† https://t.co/pDpHAVr9pA,yy868HEtlOJpUtg
2021-09-10 19:57:53+00:00,https://twitter.com/Kevin45etl/status/1436418672541765633,en,0,1436418672541765633,"@jimmywee @Josephodriscoll @WasOnceLoved Significantly easier for those with wealth!

2% rates
Rent twice or three times the mortgage
Ordinary domestic buyers can no longer use credit cards to fund deposit",Kevin45etl
2021-09-10 19:56:00+00:00,https://twitter.com/benbianchet/status/1436418197008306176,en,0,1436418197008306176,"https://t.co/bA0FISSeqF

#ETL #ReverseETL #CDP and many more.",benbianchet
2021-09-10 19:55:51+00:00,https://twitter.com/yy868HEtlOJpUtg/status/1436418161558147077,und,0,1436418161558147077,https://t.co/pbQWnGQ7aG,yy868HEtlOJpUtg
2021-09-10 19:55:10+00:00,https://twitter.com/Kevin45etl/status/1436417989138595844,en,0,1436417989138595844,"@Josephodriscoll @WasOnceLoved Too few are built because the value of land banks would be decimated if supply met demand

+ those with wealth have easy access to property finance - B2L easier than ever

Property companies fund Tory Party - in exchange Tory govt does nothing about cladding crisis",Kevin45etl
2021-09-10 19:52:48+00:00,https://twitter.com/mburnamfink/status/1436417391773159427,en,0,1436417391773159427,"According to my database, it is the year 53623, so hello from the future where ETL still sucks",mburnamfink
2021-09-10 19:51:14+00:00,https://twitter.com/afiregender/status/1436416996690874369,en,0,1436416996690874369,"Look Iâ€™m not a fan of the Big ETL SW Ship either, but yâ€™all gotta stop being surprised people are super into Enemies To Lovers and like, fucking villains in general. This shit isnâ€™t new and isnâ€™t going away, stop being complete asses about it",afiregender
2021-09-10 19:50:22+00:00,https://twitter.com/Kevin45etl/status/1436416781057466385,en,0,1436416781057466385,"@WasOnceLoved @Josephodriscoll Does this help? Average age FTB 34 and average deposit in London exceeds Â£100K

https://t.co/CaCiFpZnxU",Kevin45etl
2021-09-10 19:47:10+00:00,https://twitter.com/etl3o/status/1436415976774451206,ar,0,1436415976774451206,Ø§Ù„Ù„Ù‡Ù… Ø­Ù‚Ù‚ Ù„ÙŠ Ù…Ø§ØµØ¨Ø±Øª Ù„Ø£Ø¬Ù„Ù‡ Ø¥Ù†Ùƒ Ø¹Ù„Ù‰ ÙƒÙ„ Ø´ÙŠØ¡ Ù‚Ø¯ÙŠØ±ğŸ¤.,etl3o
2021-09-10 19:42:29+00:00,https://twitter.com/BFaahion/status/1436414796140797966,en,0,1436414796140797966,USB Wall Charger Surge Protector 5 Outlet Extender with 4 USB Charging Ports ( 1 USB C Outlet) 3 Sided 1800J Power Strip Multi Plug Outlets Wall Adapter Spaced for Home Travel Office ETL Listed https://t.co/FvFXeLvf8V,BFaahion
2021-09-10 19:37:15+00:00,https://twitter.com/Kevin45etl/status/1436413481272713216,en,0,1436413481272713216,"@WasOnceLoved @Josephodriscoll Once upon a time one had to queue for a mortgage

Then financial markets opened up but high interest rates

Then low rates AND 0% credit card offers (for deposit, furniture &amp; refurbs)

+ remortgaging to clear things

Result = 25 years of house inflation and no new supply",Kevin45etl
2021-09-10 19:35:29+00:00,https://twitter.com/villainouschild/status/1436413033861976065,en,0,1436413033861976065,just watched â€˜the guestâ€™ and every time the sexy villain kills the protags close family Iâ€™m like FUCk so no etl banging at the end then? https://t.co/2VXVlKZIi4,villainouschild
2021-09-10 19:31:00+00:00,https://twitter.com/GeeksAcademyEu/status/1436411908496711682,it,0,1436411908496711682,"Stefania, nostra diplomata Big Data Junior Expert ci ha parlato del suo lavoro di #datadeveloper ETL e di come sia riuscita dopo la laurea in lingue orientali a riorientarsi lavorativamente nel mondo dei Big Data.â¡https://t.co/O7UYkyp12C #DataJobs #datadriven #mestieridelfuturo https://t.co/pQyX1a9h5a",GeeksAcademyEu
2021-09-10 19:29:05+00:00,https://twitter.com/Kevin45etl/status/1436411422800584708,en,0,1436411422800584708,"@WasOnceLoved @mac_puck Fiat currency has been around for five decades and yet for four of those we had neoliberalism telling everybody that books must be balanced with national debt eventually repaid

Took a global pandemic to reveal the existence of the magic money tree aka QE even though used 2008",Kevin45etl
2021-09-10 19:28:16+00:00,https://twitter.com/antares21scorpi/status/1436411217501999112,en,0,1436411217501999112,"WATCH: 1 ETL #EtherLite = $0.0216 USD - Hey #Ethereum Holders! Collect your #ETL #Airdrop Now, #ETH Holding X 12 https://t.co/TLKUmi05mF",antares21scorpi
2021-09-10 19:24:44+00:00,https://twitter.com/Kevin45etl/status/1436410330192691203,en,0,1436410330192691203,"@WasOnceLoved @mac_puck ""We absolutely need an updated interpretation of Keynes"" Martin Wolf to me at the launch of his book 7 years ago

https://t.co/28uwxzT1Q4",Kevin45etl
2021-09-10 18:48:51+00:00,https://twitter.com/ETL4wti3xwYF7iB/status/1436401301512880131,ja,0,1436401301512880131,"@shibuyan2222 ã©ã¡ã‚‰ã‚‚ç¾å‘³ã—ãã†â€¦
å¯ã‚‹å‰ã ã‘ã©ãŠè…¹ãŒã™ã„ã¦â€¦æˆ‘æ…¢ğŸ˜¢

ã„ã„ã­ã€ãƒ•ã‚©ãƒ­ãƒ¼æœ‰ã‚Šé›£ã†ã”ã–ã„ã¾ã™
å®œã—ããŠé¡˜ã„ã—ã¾ã™ã€‚",ETL4wti3xwYF7iB
2021-09-10 18:42:46+00:00,https://twitter.com/tmj_INK_it/status/1436399770411491330,en,0,1436399770411491330,"Deloitte is hiring in #Indianapolis, IN! Read about our latest #IT job opening via the link in our bio: Senior Data Stage ETL Developer",tmj_INK_it
2021-09-10 18:40:14+00:00,https://twitter.com/specc18/status/1436399132705529856,en,0,1436399132705529856,@laxcitymusic FUCK YEAH LETS GO,specc18
2021-09-10 18:39:17+00:00,https://twitter.com/yy868HEtlOJpUtg/status/1436398890819915781,ar,0,1436398890819915781,Ø§Ù„Ù„Ù‡ Ø§ÙƒØ¨Ø±,yy868HEtlOJpUtg
2021-09-10 18:38:02+00:00,https://twitter.com/tray/status/1436398577517989915,en,0,1436398577517989915,"ğŸ’¡ For those looking to learn more about Reverse #ETL, check out our latest eBook: https://t.co/IbRAsD4bPK",tray
2021-09-10 18:36:07+00:00,https://twitter.com/etlWTA1GVBfpXgR/status/1436398093629640705,ar,0,1436398093629640705,"@oqtr3 @jatlefahd Ù‚ØµÙŠØ¯Ø© Ø£Ø®Ø°Øª Ù…Ø­Ù„ Ù…Ù† Ù‚Ù„Ø¨ÙŠ

ÙˆØ§Ù„Ù„Ù‡ ÙˆØ¯ÙŠ Ø§Ù†Ø§ Ø§Ù„Ù„ÙŠ Ù‚Ø§ÙŠØ§Ù‡Ø§

ØµØ­ Ù„Ø³Ø§Ù†Ùƒ ÙŠØ§ Ø£ÙƒØ§Ø¨Ø±",etlWTA1GVBfpXgR
2021-09-10 18:34:07+00:00,https://twitter.com/mezianeetdaryl/status/1436397592011739153,und,0,1436397592011739153,@FRSkyRRoZ @EZ7_EVIL,mezianeetdaryl
2021-09-10 18:30:28+00:00,https://twitter.com/remote_dev_jobs/status/1436396674461614082,en,9,1436396674461614082,Experienced Software Engineer - Search &amp; Recommendations at Outschool #Database #Design #Education #Embedded #ETL #JavaScript #React #Research #SQL #Systems #Test #TypeScript #UX #Web #Website ğŸ‘‰ https://t.co/2xqlFZQoJI,remote_dev_jobs
2021-09-10 18:27:45+00:00,https://twitter.com/TVzGtk4YlkETLLr/status/1436395987812052995,ja,0,1436395987812052995,@tsurino_takeshi ç¶ºéº—âœ¨è¦‹ãŸäº‹ãªã„ã§ã™ğŸ’¦,TVzGtk4YlkETLLr
2021-09-10 18:25:53+00:00,https://twitter.com/ai_jobsNET/status/1436395519346085896,in,1,1436395519346085896,HIRING: Data Engineer - 5842 / Mumbai - https://t.co/pr5RFGZ3vB #AI #MachineLearning #DataJobs #Jobsearch #MLjobs #bigdata #DataScience #AIjobs #techjobs #TechTalent #hiringnow #Engineer #Banking #ETL #Engineering #Python #Research #SQL,ai_jobsNET
2021-09-10 18:22:10+00:00,https://twitter.com/NicolasPIEL/status/1436394582481178640,en,0,1436394582481178640,".@databricks #DeltaLiveTables is now available on @googlecloud! ğŸ¤© 
Use DLT to build and deploy #SQL + Python pipelines and run ETL workloads directly on your #lakehouse on Google Cloud! https://t.co/yKni21PFGZ",NicolasPIEL
2021-09-10 18:19:01+00:00,https://twitter.com/databricks/status/1436393790680584192,en,5,1436393790680584192,"ğŸ“£ Delta Live Tables is now available on @googlecloud ğŸ“£

Excited? We don't blame you. 

Now, enterprises can use DLT to easily build &amp; deploy #SQL &amp; Python pipelines &amp; run ETL workloads directly on their #lakehouse on Google Cloud!
https://t.co/GESmZbiQwI",databricks
2021-09-10 18:18:21+00:00,https://twitter.com/greyjedireylo/status/1436393623210233857,en,5,1436393623210233857,"okay but really â€œr*yloshipâ€ is telling me that weâ€™ve ALREADY made this a thing, the far-reaching IMPACT reylo has as the most highly visible canon ETL ship EVER in one of the most massive franchises on earth??? of COURSE itâ€™s going to mold storytelling tropes that come after it",greyjedireylo
2021-09-10 18:17:20+00:00,https://twitter.com/kofi_svn/status/1436393367877869572,en,1,1436393367877869572,@TwitterSports @ETL_kay Liverpool vs Leeds,kofi_svn
2021-09-10 18:14:15+00:00,https://twitter.com/ETL_kay/status/1436392591617150980,en,0,1436392591617150980,Felt same 3hrs ago https://t.co/c570tX1EdE,ETL_kay
2021-09-10 18:10:11+00:00,https://twitter.com/AuthorJVinson2/status/1436391568819343371,en,0,1436391568819343371,"@novelistanna I have tips and can send you some advice for doing the ETL if you need! (Only if you feel you need it! Just offering to help!) also, fuck, I love this. I love how much it hurts.",AuthorJVinson2
